seen,username,id,time,location,votes,star,comment
1,Ron Chan,RonChan,2022-06-20 03:31:44,,73,30,起了一个片名是石黑一雄的小说，然后一味的往《杀人回忆》的风格上靠，弄得十分的文艺，絮絮叨叨两个小时，其实故事打磨得很粗燥，逻辑上的漏洞太大了，之所以给三星是因为它居然是网大，以网大来说有这种资质就算不错了。PS：三个女演员我感觉都一个模样。
1,обломов,glim,2022-06-19 09:07:01,,54,30,像杀人回忆，罪案只是幌子，真正揭开的是时代的那道疤，最后那段独舞，仿佛一百年那么遥远，可望不可及的美
1,乱世浮生,Maydagreen,2022-06-20 20:34:29,,36,10,为什么要用人石黑一雄小说的名字啊，明明一点关系都没有…
1,Aretha,Frisbee,2022-06-22 07:55:53,,27,30,★★★☆☆ 导演的选景和对光与影的认识蛮好的，一看就是有摄影功底的，很多场景，慢下来截一副图就是壁纸。唯一不足的就是对案件的叙述与呈现，但是影片的完成度非常高，值得三星半。
1,砹韧,tienan,2022-06-19 02:57:21,,53,30,画面与调色终于像学过摄影了，但是各路人物动机行为漏洞百出。感情牵强，悬疑不足，整体很平淡。
1,Y.Sir,taoyuying,2022-06-25 23:54:05,,47,40,文艺片和犯罪片的恰到好处的融合，促成了这部佳作。远山处，层峦叠嶂，只缘身在此山。待云雾散去，淡影处，山峦互为映衬，不分你我。
1,我不是江湖骗子,166818981,2022-06-18 17:33:59,,23,30,女知青、文工团、芭蕾舞、照相馆、杀人案、画像师、悬案，这些元素被国产悬疑片翻来覆去地拍，比的就是哪个更有新意。显然本片从剧作和摄影上只能说乏善可陈，缺乏那种新意，最后的反转也没有丝毫意外。还有，和石黑一雄没有一毛钱关系……
1,猫觅,tommy723,2022-06-20 16:00:13,,23,30,悬疑剧情确实不足，但是色调和镜头挺美的！就有一类刑警吧总觉得自己刑侦才是科学，其他都不是科学。这时候活该你们刑警被一个叫夏洛克·福尔摩斯的人治的死死的，锁住，毫无翻身机会。
1,kiess,56837215,2022-06-19 03:44:35,,45,40,服化道质感都在线，几个空镜很有感觉。探案中夹杂着一丝感性的思考，骨子里是个文艺片
1,4eyebrows,3832255,2022-06-18 20:25:30,,35,30,很耐心地讲了一个故事，可惜人物深度不够，尤其是主角
1,天然呆の枫,52573795,2022-06-19 11:55:40,,22,30,因为题目而看，结果无关，但也还不错，2倍速播放毫无影响，也不会过分在意纰漏和细节。
1,ricoshi,3598044,2022-06-18 20:33:37,,59,20,摄影略好，表演后期勉强及格。其他部分就都是问题了，2小时的时长水份太多，剪掉20分钟完全没问题，无论当初目标是院线还是网络，这个时长都是很难接受的。剧情方面，看了开头，推理爱好者基本可以才出一个大概来了，但是bug实在太多。推理方面，首先是当初的尸体被被刨出来没人发现真身。老警察的录音带自己听了也不上报，夜晚遇到强奸犯也没有后续，土枪来源避而不谈了，这都是明显的问题。新老警察配的经典组合却没有用好，缺少互动交集，老警察老发火，主人公明明啥也没影响他。两个女性的交集缺少铺垫，仅仅是一点点跳舞宣传片蒙太奇就把关系推上去了完全不够。再加上调色的泛黄老调子和现实没有区分开，表演上女孩见到主任就上去动手动脚等等问题。总之创作者的问题还是比较多的。
1,寒狐传媒,Smeagol,2022-06-19 14:00:58,,44,40,又名《人工天眼》
1,第四声,56365286,2022-06-19 20:18:06,,14,30,我很喜欢这种慢吞吞的感觉，现在已经没有什么人拍这种娓娓道来的片子了
1,安东,smokey,2022-08-20 00:17:39,山东,1,30,中国电影人对《杀人回忆》的执念这是有多深，前赴后继地模仿和致敬……这一部其实还好，质感完全不像一部网大，尤其是摄影，非常出色。
1,nooneisthere,nooneisthere,2022-08-31 22:29:31,,2,40,实在缺钱缺人缺剧本，就往文艺上凑，也是个办法。还是单薄了，多给一星鼓励吧
1,虎虎生刺,171216968,2022-06-23 21:19:52,,3,30,有在用心做，但是剧情存在bug，后期悬疑力度也不大
1,水蓝色眼泪💧,chenning3288,2022-06-25 12:58:15,,8,30,目前国产类型片中难得一见的复杂剧本，颇有些一波三折，还有一个比较合理的小反转。看得出，这剧本经过了精心的打磨修改，导演编剧当废了不少时间，好不好看放一边，至少他用心了。影片呈现的整体质感也不错，从始至终情绪统一，置景也比较精细，年代感也做出来了。只不过可能因为追求这个“淡”字及影片艺术性，叙事方面节奏有些拖，有些散，有些飘，其实如果把影片时长精简到100分钟，或者放弃艺术性就按照商业犯罪片的节奏拍，成片的可看性与精彩度会提升不少。当然，即使是现在这样，这片也值得大大鼓励，毕竟国产片认真动脑子的太少了。
1,哦米葛,40373499,2022-07-06 01:16:09,,1,,猜到了
1,Rex,King-master,2022-06-20 08:43:17,,21,20,泛黄老旧的滤镜加持下，悬疑复古的氛围还算尚可；但是剧情而言，悬疑、文艺两手都没拍好，尤其是双线叙事下，两位女主的感情没有任何铺垫，两位男主的纠葛更是毫无缘由，莫名其妙；节奏上更是冗长拖沓，无数繁琐的独白更是降低观感
1,Constanze,1140060,2022-06-18 22:57:03,,20,20,平淡不代表有深意。中途推理很莫名其妙。一个画像师，靠一些磁带画出了凶手，磁带又是谁录的呢？叙述遭遇的不是已经被害了吗？凶徒谁要出镇都有消息，说明是个熟人社会，怎么老刑警查案资料新刑警队长没见过不知道吗？怎么就被刚来的上海画像师拿到来画像了呢？场景也很简单。摄影构图也不是很成熟，不知道要表达什么，也没能带起多少观众的情绪。选角凑和，至少严华的果敢和林音的柔弱形成对比。但还有位姑娘，存在的意义就是证明主角认真，但直到最后才说出重大破案线索，好莫名啊。
1,Morning,qiweiming750,2022-09-20 04:42:01,北京,1,30,两星半，模拟画像师的切入口不错，但他的作画的细节毫无表现，而和他对立的警察更是一点都不专业，不少有辱自尊的对白。日记是关键，但被两位男主的对立查案有些抢去风头，本来可以作为叙事线现在只是单纯变成了一个线索，信息一给完，自然就显得繁琐了，故事一涉及到文工团似乎都爱说女孩之间的感情，这部作品只是用了这个元素，并没有深入和升华。
1,白無硯,edge77,2022-07-04 18:07:59,,0,,猜到了
1,河童（Ojas）,FEL_Murasakiiro,2022-10-25 14:57:20,河南,0,30,镜头，构图，光，配乐。两位女性的情谊，最终她们一个活着，一个毁容活在暗影之中，男画像师去寻访做流莺的女配，在审讯室问询女一，问为何她成了这样。最后活下来谈话的是他们，而死了的，被猥亵的，被埋葬的都是她们。山和雾气，世界本不该这样
1,个别人,45581073,2022-06-30 06:52:36,,0,30,画面还行，人物塑造比较失败，比如说队长吧，感觉得出导演是有点想往廖凡那个方向塑造，结果是大多数时候看起来就像一条疯狗。
1,凸肚,liyile,2022-06-18 21:27:24,,63,50,电影版《猎罪图鉴》，中国版《杀人回忆》，网大里的五星作品，无论节奏、美学、剪辑、故事、演技、氛围感都是对的，被时代伤害的弃儿，绝境中的女性互助，贫瘠土壤开出梦里花，复仇黑天鹅的金蝉脱壳，每一个元素踩在悬疑的点上。
1,第五原宿,zoong,2022-06-25 19:53:27,,2,30,5/10 ，《芳华》版《暴雪将至》《黑处有什么》？
1,于成,hencedo,2022-06-24 22:24:27,,0,30,又是可以归入模仿《杀人回忆》的国产悬疑片系列，但社会和时代被淡化了，突出的是个体选择及身份认同。
1,豆友104310668,scripting,2022-06-20 16:35:07,,4,30,模拟画像师：河岸芦苇荡枪杀案，死者照相馆老板，走访照相馆，依据目击者老渔夫证词画出凶手画像，比对却是陈年悬案连环杀人案的死者·文工团仓管员，警察队长斥责；研读日记、调查妓女前文工团舞蹈演员、拜访退休老警察获得生还受害者录音证词，画出连环杀手肖像，却是被枪杀死者；日记提及文工团仓管员&amp;首席舞蹈演员，首席舞蹈演员或许死于大火；警察队长调查土枪，被击倒，画像师开枪俘获枪匪；蹲守坟墓，抓捕大火毁容的首席舞蹈演员，却是冒名顶替的仓管员，招供为挚友复仇+替代挚友重生。Ps:摄影、故事都挺好的。通过日记插叙了很多二女舞蹈师徒挚友的往事，又多又长，没有很好的配合查案主线，节奏沉闷，反转乏力。有点可惜。
1,生活在别处,51770206,2022-08-06 20:32:33,,0,30,7/10.小镇舞蹈家与连环杀人犯之间的联系隐藏于八十年代初到九十年代末的遥远时光中。不知名的导演和演员们奉献了一出精彩的破案片，同时也有着艺术片的质感。不经意间打开的电影竟然很好看，算挖到宝了。浅谈给嫌疑犯画像的警察有多重要。只是严华和林音互换身份的那段戏交代的不太清楚，作为一部以缜密推理为基础的电影这算得上是一个纰漏吧。
1,麻姑两鬓结白霜,47823125,2022-06-19 12:56:48,,28,50,这是一部诚意十足的剧情片啊。在最后的舞台上，严华看着林音的感觉一切文字都无法形容，光凭这一场戏，这部电影就已经无法被时间抹去它的价值。
1,ritalin,ritalin,2022-11-01 15:36:02,北京,0,30,剧情的逻辑性太脆弱了 
1,杨三疯,y3f,2022-07-04 11:26:26,,1,30,难得的时代背景下的悬疑侦探片，虚实间的场景转换是亮点，那个压抑的时代氛围也不错。变态杀手:谁离开这就的死！倒是符合当下。
1,栗鼠,136416310,2022-10-23 16:38:05,广东,1,40,现在有耐心打磨镜头语言的文艺电影太少见了，多加点星。我最近也很喜欢看这种上来就抛疑点、再推理，倒叙解谜的故事，但惊悚程度还不够，案件与人物之间的冲突比较平（隐晦）。90年代的陈旧叙事放到今日观众身上早已经看出茧子，如果不是导演审美好估计口碑会次。配乐太正式没有给剧情添彩。还有一个老问题是，国产片总容易正讲着故事，突然跳出去开始绕着圈圈拍主角，于是他的面孔被暂时记住了，电影的节奏却被拉远了，思考的匀速也停顿下来了。这是我总是在各种电影里发现的细节，好像开了0.5倍看到演员还在思考人物该怎么做，不是模仿痕迹太重，而是非必要的定格太久让人物露馅了。
1,老泰瑞,ccva,2022-06-29 15:00:42,,3,40,用生命争奇斗艳的惨剧。三线、计划经济遗产，经典的萧条符号，反正跟着《杀人回忆》学不会太错。最大的bug就是这画像师太超能了吧，素描跟写真一样高清……整体至少比《暴雪将至》完整，网大里的天花板了。
1,空壳,170785153,2022-06-23 10:47:12,,4,50,近树浓抹，远山轻描，中国水墨讲究的这个。所以呢，好像是描述了现实中的一起连环悬疑剧，其实写的是曾经一段不被人重视的历史，这就是现代中国经济发展的另外一面。还有另一角度就是现实很重，理想很远。舞蹈是理想，但谋生是现实，因为现实所以放弃舞蹈而去打工，最后呢现实一地鸡毛，理想更遥不可及。也许早知道结局，那不如安于理想，一辈子就只为跳舞而生。（其实就是罪案版的《站台》）
1,小蚂蚁,138188046,2022-11-12 00:06:12,内蒙古,0,30,单就剧本来说，总感觉哪里有个大洞，尸体怎么可能认错？发现真凶过程也十分巧合、简单，警察虽时日无多，但脾气太坏，没来由骂人，不好，反面典型。
1,天D行者,1795295,2022-06-26 10:18:13,,1,30,看片名，导演是存心想玩文艺，其实叫《画像师》更有吸引力。影片的摄影、画面、用光都非常讲究，年代还原感也还不错，演员表演除了刑侦队长有些过、楞，其他的都还中规中矩。最让人吐槽的还是剧情，感觉编剧是为反转而反转，又没有讲清原因，所以导致看完后一团雾水，觉得bug太多，女主的行为动机、变化遭遇都很突兀。而被杀的照像师与连环杀人案的关系也没交代清楚，只是含糊说从他留下的胶卷照片证实他是凶手。
1,不羁的天空,57803183,2022-06-25 14:34:43,,2,30,又是披着悬疑外皮的文艺片，形式大于内容，林音的死前后矛盾没有自圆其说是一大败笔，氛围尚可
1,FCHologic,169128418,2022-06-20 12:00:12,,12,20,导演以为穿上哪个时代的衣服，找几个旧宅，就能拍出好故事，配乐太突兀。
1,劳拉Lora,55365789,2022-10-20 00:37:07,河南,0,50,细腻，文艺，旧年代，反转，给的都很棒
1,Raven,rj289818,2022-07-12 14:43:24,,0,30,两星半，算是工整完整的，悬疑点埋的不怎么样，现在咋也得整两个案子，一个案子不够看，当年的连环案没破就挺离谱的，最大问题大概是，几乎所有人物都没太立起来，都有点儿工具和片面，只展现他们对主线有作用的一面，都不完整，还有就是摄影缺乏设计，非常常规的镜头，美感大概也就存在于空镜和人物正面上，几个女性角色找的倒是挺合适挺好看的，
1,ZZ,40934039,2022-06-20 23:16:49,,1,30,算是國產電影裏比較比錯的一部，故事有著完整性，但是多少有點做作。
1,麻神理工马小驴,mamoshang,2022-06-19 23:35:00,,2,,终归是没看下去。看了1小时弃了
1,Ariel,3681207,2022-06-19 08:50:10,,10,20,我看睡着了。
1,只抓住6个,mg000,2022-06-21 18:28:43,,0,30,作为一个只拍过两部电影导演，已算控制得还可以了，虽然滤镜把画面压得有点暗，效果好的画面又残留CG感
1,纯肉锅贴,77021678,2022-06-21 23:23:42,,2,20,一部有点质感的电视电影。模仿杀人回忆的桥段太多，多到有些泛滥。林音被人追赶那一段基本是分镜照抄级别的，什么都想学，唯独关于时代背景的权力寻租的控诉以及上山下乡带来的城乡割裂反而是没学到杀人回忆的灵魂。另外有很多地方还有视听的错误。只能说是勉勉强强
1,猫皂,vonvon,2022-09-29 18:23:25,上海,0,40,#2296#
1,叉叉小箭猪,rollin,2022-06-28 23:04:31,,0,30,取了个石黑一雄小说的名字，多多少少带了点他的味道，章也好张也好，英模是真实存在的，但这个嫌疑人x与金田一的诡计，经不起太多推敲，大概也就是为了远和淡的小城调调。
1,IVAN,149670576,2022-06-20 13:24:42,,8,20,只能说演员台词功底和演技都不行，台词也不行，大部分都是废话，片长可以缩短，没有必要这么长，拍摄风格就跟仿拍其他电影一样，剧情缺少内核，只是简单的故事发展，没有意思
1,oreo,1843725,2022-06-21 20:13:17,,0,,做作+老套，完全看不下去
1,安泽,43628993,2022-08-13 14:00:12,,2,40,挺有格调的一个电影，没有噱头没有流量，一个淡淡哀愁的悬疑故事。有bug也不算瑕疵，毕竟人世间也有很多真实的事，没得道理的荒诞…
1,陈沉,theisses,2022-06-24 00:48:37,,3,30,不知道为什么看完让我想起我的母亲，她把知道的都教给了我，她让我去过更辽阔的人生，我却像严华一样，我变成了林音，我把我的母亲对我的祝福变成了自己的枷锁。
1,Spy Liu🌈,174770613,2022-11-16 02:13:25,新加坡,0,20,插叙倒叙各种叙事交叉，而剧本也纰漏不少，导致电影很混乱，摄影不错。
1,安心,160139590,2022-06-25 12:54:05,,1,10,一开始镜头视角是从刑警沈队开始，没有人设铺垫直接进入办案会，本以为这场会做沈队的人物塑造，结果领导突然给大家介绍来自上海铁路公安的章欣同志。 这个一点不像警察的章欣同志在会上提出要参与侦破，紧接着下一场是沈队顶撞领导，说之前破案从未靠画像把人逮住，毫无气场的领导威胁沈队说组织要考察你……好吧，感觉是双主角戏。接着提供线索的老石出场，闪回案发现场，老石的表演，呵呵……  章欣扮演者无灵性，双眸空洞。女主表演苍白，26分钟处女主在楼道里拦住剧团领导，请求参演并立马展示舞姿，领导色眯眯地指导……直接把我看笑，弃了。 沈队扮演者质感OK，可惜没他什么事儿。2022·6·28  6.6/2563，短评1050条  %50/37/13  原来下载看的是一部刚上线6天的爱奇艺独播的网大，简直浪费时间。
1,阵雨,guitarain,2022-06-25 07:35:04,,0,20,剧情、人物都很简单，结局也基本想得到。
1,董小长,jessedong,2022-09-10 17:03:05,北京,0,30,20220910le。作为一个犯罪片，还是太文艺了，如果导演能再克制一些自己的表达欲，我会更加喜欢。影像十分出色。3.5
1,兔仙女,39262732,2022-06-25 13:40:36,,1,20,视角混乱，一会儿是警察视角一会儿又是全知视角，人物塑造更是没头没尾，莫名其妙的文艺忧伤，最搞笑的是到最后我也没搞明白这个舞团是跳什么舞的，仓库里都是锣鼓这种民族舞装备，主角天天跳吉赛尔？看不懂
1,高压电,kick-my-ass,2022-06-29 22:28:30,,0,20,年代特点也没拍出来
1,兔子小i,sunny_i,2022-07-10 14:17:16,,0,30,淡淡的景色，淡淡的忧伤，又是芭蕾舞题材的，还有baling与侵害，以及女主失去了自己做了别人的人生。警察画师立大功
1,抛掉奶盖上街去,Pale_mauve,2022-07-10 18:57:45,,0,30,男主好像何炅…本还算不错，作为文艺悬疑类电影及格，氛围烘托到位。严华一直没有找到自己人生的位置，是林音给了她光和希望，所以林音过世后按照她如果在世时的那样，她不能跳舞了之后会做的事，严华不是为自己而活，而是延续林音的生命，替她在生活那些不曾起舞的日子里，像是二人结合为一体，超越了友情爱情和亲情，产生的依赖与互存，在南方亦或在淮川，在天上亦或在地下，她们都有某一处紧紧相依。
1,光影一路同行,135670498,2022-06-25 19:11:59,,0,30,影片完成度很高。年代感和边城气都营造得不错。可惜女主动机成立牵强，编剧还自作心虚一个劲儿借男主口发问她为何要回来报仇。剧作也就现出硬伤。
1,🍄,179369316,2022-06-22 09:34:06,,0,20,不爱说话只负责奶笑 👅❤️‍🔥
1,prince bowie,60486561,2022-07-20 22:51:27,,0,30,闷
1,Mia,184177407,2022-11-06 01:26:53,山东,2,50,比连环杀人案更可怕的是时代的枷锁，绝境中的女性互助，她把自己会的都留给她让她去过更辽阔的人生，她为了她放弃自己的身份去延续她的生命，单是最后严华望向林音独舞的那一段就值得一个五星，你我共同完成的独舞，你我共享的人生。
1,学而时习之,2514020,2022-06-21 15:31:55,,4,40,2022.6.20夜看过。
1,四月物语,movieview,2022-09-06 21:25:37,辽宁,1,30,精致无用 漏洞百出
1,文森,whyudidthistome,2022-07-16 20:52:09,,0,20,【2.0】
1,禁闭岛,41609566,2022-07-12 23:56:30,,6,50,完成度很高的作品。剧本、演员、配乐、摄影。全都在线，悬疑的铺设也都合情合理，堪称国产电影之光。只可惜总有人装逼打低分。有些人，一旦跪下，就再也站不起来了！！！
1,没有感の情圣,lee7saint,2022-08-26 23:15:32,山西,0,30,文艺悬疑片，想跳芭蕾的女孩借他人之手欲盖弥彰，但你忘了我们有伟大的画师啊。
1,格列柯南,chincir,2022-06-30 02:11:20,,2,10,看不下去就及时止损吧，免得浪费更多时间。
1,那些年,43174870,2022-06-19 20:49:18,,2,10,为了给某人树碑立传，主创可以说是煞费苦心，可惜剧本实在太烂，一通胡编滥造，生生毁了一个原本可能的英雄楷模。怎么拍人物传记，真的该好好学学好莱坞。另外，对奇异果的评分越来越没信心了，果然是被资本操控的结果。
1,熊能能脚不沾地,newbear,2022-06-23 11:40:20,,0,30,我看到了赵丽颖苗苗王阳和方中信😂
1,不爱糖,102898875,2022-07-11 18:34:53,,5,50,导演已关注，整部影片弥漫着浓郁的日式苍凉气息，风格整体上是世纪末时期的日式电影感觉，取景超级棒。电影色调审美配乐都非常棒，普通演员，却一起完成了非常优秀的作品，五星好评！我就说，橘色再加一点点，我给12分！！！！
1,龙小姐,ananmaomi,2022-07-17 01:19:26,,0,30,跳舞想象部分渲染太多，两个人的感情来的莫名其妙
1,心是孤独的猎手,60738715,2022-06-21 20:01:44,,5,50,全是素人，氛围拉满，整体色调阴沉，漫布着雨水，看得出来导演很厉害。
1,不笑,sinsu,2022-08-24 13:51:33,广东,0,30,和前一段时间上映的《柳浪闻莺》颇有一丝相同的气息，艺术，友情，破碎，重逢，误会，真相……都在说，初见真好，芳华真好。——2022.6.29看完
1,Do_are,74232621,2022-06-18 21:35:16,,12,40,画面故事没有其他网大的妖艳，悬疑不足，剧情太慢，逻辑没有。鼓励分吧
1,😂,4317922,2022-06-21 17:04:45,,0,30,开始画面挺美的，要是调色更高级点就好了。不知道是摄影师的问题还是导演的问题，虽然镜头是精心设计的，不是瞎几把乱拍了，但还是略做作。不必要的景深镜头太多，并没有形成疏离感，还是不知道疏离感来自哪里，可能和剪辑也有关系，切来切去太快了，显得平庸，浪费了那些精心设计的镜头和调度。草丛里的惊悚氛围营造不太可，还不如《爱死机》第二季《高草地》，甚至和我第一个短片水平差不多，全靠音乐带。表演hin尴尬，看起来故事略《猎罪图鉴》。片名和海报以为是文艺片，其实并不是，看豆瓣介绍是悬疑，其实也不是，惊悚效果较之国内惊悚片还是质的飞跃了，我其实没敢看完，需要看两级纯喜剧压压惊😅虽然没看完但也不可能达到4星了，即便后面再不行我没敢看完，在国产惊悚片里面也可以打三星了吧，哈哈
1,萧三儿,45051103,2022-07-26 15:33:51,,1,40,非常不错，扎实的剧本，真诚的服画道，以及悠远的摄影剪辑，与其说说像《杀人回忆》，倒是更具有锡兰的气质，唯一的问题可能也是最大的问题，就是演员的演技，除了男主外形比较符合角色气质，其他所有人都不在线。
1,烟视媚行,2092765,2022-11-06 08:55:52,江苏,0,30,整个电影雾蒙蒙隐在水墨一样的雾气中。故事其实还可以，悬疑感也还可以。但是两代女主实在太像有点让人分不清楚，挺让人困惑的。
1,Amadeus,3542168,2022-07-29 19:01:09,,0,20,镜头不错，别的就。。。好一般
1,石室嗜食诗士,7755053,2022-07-01 22:56:12,,0,40,远山淡影，画面唯美；人艰不拆，道具乱入。加一星给选角的——穿便服的，都帅帅的；戴盖帽的，都胖胖的。
1,SleepWalker,44564069,2022-07-03 18:58:34,,0,30,6.5。悬念不够，玩替身是基本盘水平的推理，表演略微低于平均水准，但显然能看到足够的诚意，踏实下来讲故事永远是我评判一部电影的重要考量因素。部分镜头语言，调色不错，文本瑕疵不少，仍在试图努力讲好故事，哪怕笨拙，也值得肯定和鼓励。片尾留个白银案的彩蛋，能拍出来不！
1,鎏走失在1900,wangjun1900,2022-10-29 21:17:07,北京,1,40,画面一流，挺有质感，评分不高，本来也是冲着海报和剧照看的，没有失望，故事我也没觉得弱，值得一看
1,Gorilla,zipaiwang,2022-06-28 20:13:47,,2,20,最大的悬疑其实就是两个女的互换身份，但是从整体故事还是演员的表演来说都有些幼稚感，用力过猛不得法。比如推动剧情的核心元素画像，最后揭开谜底是女主已毁容，还能画的跟素描一样，这也太离谱了吧。还有女主发现好友被杀，不是找凶手而是直接顶替，真的离谱，几十年后超级碰巧的看到一个大男人在把玩女人的芭蕾舞鞋所以破案，先不说摄影师为什么要天天当众把玩自己是凶手的明显证据，就是说女主为什么要在一个非常容易被认出的地方到处晃到处逛，都是离谱到家了。
1,Arthur〰️,Arthraim,2022-10-19 09:16:01,上海,0,30,你不要影响我看严华跳舞
1,爱上无所谓_cath,222909776,2022-06-19 10:05:16,,15,40,人生就是要过的辽阔，不是一步距离严谨的罪案推理片，讲的是友情，理想，现实的困境如何克服。需要有一点人生阅历的人才能看懂～
1,slipknot,42857942,2022-11-09 04:57:45,吉林,0,40,完成度比较高的网大电影，能想到或者注意到的细节都进行了解释，新杀人案牵出了老杀人案，两个杀人案通过摄影师串联在一起，片尾有反转身份互换，还有假设不做别人当自己会怎么样的设想。
1,Red and Yellow,Missproblems,2022-06-19 00:06:42,,12,40,挺不错的，悬疑、摄影、编剧起码都用心了，就是好多地方都提前猜到了。看到上海的张欣就很觉得是否是真实案件改编，尤其结尾扣到了白银案上，恰巧时间也能对上，挺棒的，很期待导演会不会后续以张欣为视角，拍白银案，感觉结尾像开启下一案一样。
1,Thistles⚡︎⚡︎,146228348,2022-09-08 04:38:18,荷兰,0,30,属于那种骂都懒得，最后打了个哈欠的文艺片
1,没猫|病,3953482,2022-06-22 14:41:46,,1,10,上次这么尬吹是《逐梦演艺圈》吧 还蹭石黑热度  想法有多好 呈现出来的结果就有多糟 两倍看都拖沓 没白看 拓宽了见过烂片的烂境 但还是很后悔 为什么要看这个
1,王小民的吐槽,29749364,2022-10-21 21:09:57,天津,0,30,一分扣在名字上
1,青麦,138517131,2022-07-28 16:06:05,,0,30,最后反转有点意思。
1,Muto,muto,2022-06-20 15:08:55,,3,40,在《远山淡影》这里，陈旧的「直觉」经验与全新的「技术」手段之间发生了不可避免的碰触和博弈。显然，这组矛盾被「同命相怜」感同身受的艺术家放在两名志愿不同而办案风格迥异的刑警身上。貌似占据主导位置的前者实际上已因案件所需事态所迫而被动处在辅助位置上，而作为「中央」领导的左膀抑或右臂，无论是主导性的人力资源，还是辅助性的技术手段，原本也都坐在被「中央」领导的位置——服从组织安排。为此，一开始没有认清形势和自己所处真实位置的投机者本能地将「怀才不遇」主动请缨的「技术」专家视为有可能取代自己「一枝独秀」的竞争对手，而非「携手共舞」合作共赢的同志，而这种「一个萝卜一个坑」内化于心的「站队」文化或是诱导老同志矮化、打压和排挤新同志的潜规则——坐来适意惜日短，主人忘形客忘返。到头胜负置勿论，一笑相看远山晚。
1,真不是我没6,60078527,2022-07-03 15:12:34,,0,40,摄影构图和调色加了一星，剧情着实有些平淡，重点放在了姐妹情回忆而不是侦缉推理，即便如此也没能表现出两个女角色间强烈的羁绊，最后的反转并不意外，有点可惜。
1,朝露昙花,188339964,2022-07-26 21:08:08,,0,30,漏洞较多，可惜了，本来能成为一部国产经典悬疑片的
1,梦之安魂曲,Makoto614,2022-06-23 22:38:48,,0,30,故事一般，拍得不够吸引人，节奏太慢了。
1,hikaruleon,37162990,2022-07-02 16:17:46,,0,30,上半场对脸盲患者极不友好。硬伤肯定有，别往文艺上靠，别煽情，但拍得比较努力，还是支持！
1,Tyiya,4675330,2022-07-01 16:45:15,,1,30,优点很明显缺点也很明显的一部国产网大悬疑，其实三星是按照悬疑片类别打的，如果是按照文艺片打甚至能达到4星。以悬疑片来说有一些强制逻辑和为了推动剧情的刻意设计实在是不能忽视的bug，尤其是很多观众也提到的开篇怎样能把一个目击者口中的烧伤脸的人画出模拟罪犯画像问题。但是以文艺片标准来，一句“我来了，时代却走了”真是把全片这种小人物在时代洪流中梦想与人生被击溃的苍凉感拿捏住了，尤其多次提到的上山下乡支援三线建设问题。再就是片子里出现过的三个主要的女性角色命运也让人喟叹，某种意义上说，这片男性角色看完没感觉，尤其男性人民警察们，都是推动剧情的工具人，反而女性角色刻画得让人怜惜共情。这个意义上说这片也是可以打4星的。
1,Arthur〰️,Arthraim,2022-10-19 09:16:01,上海,0,30,你不要影响我看严华跳舞
1,Thistles⚡︎⚡︎,146228348,2022-09-08 04:38:18,荷兰,0,30,属于那种骂都懒得，最后打了个哈欠的文艺片
1,Miss Panda,37149305,2022-10-22 21:35:56,湖北,0,40,拍得很认真，节奏可以适当快一点，音乐与时代有点违和，其他都挺好的。
1,王小民的吐槽,29749364,2022-10-21 21:09:57,天津,0,30,一分扣在名字上
1,CTfromUFO,65013886,2022-10-07 16:52:00,北京,2,40,用卧室投影仪看的第一部非常值得的电影，镜头的美与悬念相互衬托，仿佛在歌颂一种神秘的美感，非常令人印象深刻。
1,青麦,138517131,2022-07-28 16:06:05,,0,30,最后反转有点意思。
1,朝露昙花,188339964,2022-07-26 21:08:08,,0,30,漏洞较多，可惜了，本来能成为一部国产经典悬疑片的
1,梦之安魂曲,Makoto614,2022-06-23 22:38:48,,0,30,故事一般，拍得不够吸引人，节奏太慢了。
1,杨三恨,54245479,2022-06-26 00:31:12,,0,20,镜头可以蛋没必要，故事讲明白单但节奏太慢，逻辑可以但有点扯淡
1,hikaruleon,37162990,2022-07-02 16:17:46,,0,30,上半场对脸盲患者极不友好。硬伤肯定有，别往文艺上靠，别煽情，但拍得比较努力，还是支持！
1,Tyiya,4675330,2022-07-01 16:45:15,,1,30,优点很明显缺点也很明显的一部国产网大悬疑，其实三星是按照悬疑片类别打的，如果是按照文艺片打甚至能达到4星。以悬疑片来说有一些强制逻辑和为了推动剧情的刻意设计实在是不能忽视的bug，尤其是很多观众也提到的开篇怎样能把一个目击者口中的烧伤脸的人画出模拟罪犯画像问题。但是以文艺片标准来，一句“我来了，时代却走了”真是把全片这种小人物在时代洪流中梦想与人生被击溃的苍凉感拿捏住了，尤其多次提到的上山下乡支援三线建设问题。再就是片子里出现过的三个主要的女性角色命运也让人喟叹，某种意义上说，这片男性角色看完没感觉，尤其男性人民警察们，都是推动剧情的工具人，反而女性角色刻画得让人怜惜共情。这个意义上说这片也是可以打4星的。
1,潇潇晴,166476773,2022-06-18 21:07:21,,6,30,是被画风吸引的、故事和节奏真的好俗、慢，哎
1,彻夜疯歌,64328917,2022-06-23 01:35:09,,1,30,7.5果然，严华没死顶替林音身份，这个影片最大反转影片很早就猜到了，和陈默是连环杀人犯一样，太好猜了反而没意思了。某些地方略显牵强，不够合理。总而言之，整体来说差点意思。最后，这片名不说还以为石黑一雄的小说拍电影了，多少有点蹭。Y
1,第十个缪斯,ladymuse,2022-07-01 03:17:29,,0,30,节奏很好，也有一些“商业片”的元素，自己看完觉得是bug的几处看影评也讲清楚了。确实是网大里的五星。
1,莉莉花子,52436712,2022-07-03 11:24:22,,1,40,三星半，感觉还可以
1,晓思丽英,141280799,2022-06-21 18:13:00,,1,40,379
1,回血小药丸,71518084,2022-06-28 11:49:00,,1,10,起个跟石黑一雄一样的作品名字，真以为是改编。 啥也不是 远山摄影作品展吧 另外收割《猎罪图鉴》粉丝，主创没什么好心思  
1,solo,ycleecn,2022-06-24 07:47:55,,0,30,匠气十足，情感反而不真实了。略显冗长，这个剧本不同的导演导出来观感又会完全不同，想想韩国版印度版，都值得期待。
1,麦兜约了麦当雄,47847703,2022-07-18 00:42:27,,0,40,远山，淡影……其实很有自己的气质。这部电影的摄影、美术、灯光绝对是加分项。查走私那部分虽然对案件和人物塑造有帮助，但导致叙事节奏上有点散了，如果再好好调整下节奏，成片观感会更好的。这种娓娓道来的文艺片节奏，注定是要遇知音的电影，喜欢的人会很喜欢，追悬疑刺激和喜欢爽片的肯定不买账，还有些人不知道是真的看不懂还是没认真看，都出字幕了还问谁是凶手等等一堆傻问题
1,赵卫卫,40184574,2022-06-21 08:24:31,,0,30,台词有点矫情啊，警察队长有点二哈啊，一个小县城的摄影师犯案之后还能平安无事那么多年？别为了悬疑而悬疑…
1,玛德烈有点烈,152343011,2022-11-13 22:53:01,上海,0,30,分给摄影，故事真的不行。
1,HelloIndra,83143733,2022-06-30 08:45:38,,0,20,〖20220630〗能看，画面不错，剧情呈现太散了，有些乱
1,斑斑,3155712,2022-07-31 21:52:49,,0,40,可
1,壹然的双下巴,blacktea1900,2022-06-22 18:24:18,,3,40,其实想给三星半，四舍五入给四星鼓励下吧。本质就是剧情片，节奏比较慢（少了点张驰）……冲着悬疑去看的朋友就细思量吧。
1,levitating,levitating,2022-10-14 21:02:10,浙江,1,30,完成度超过预期，故事逻辑和年代感都恰到好处，不过总感觉缺点睛之笔。
1,颠僧TC,tiancity1108,2022-10-10 22:52:47,北京,0,40,挺喜欢娓娓道来的慢节奏，遗憾是有些故事线欲言又止，如果能排成电视剧可以交代更清楚。
1,花木深,236385687,2022-07-02 23:43:39,,3,50,不知道这么优秀的作品为什么评分这么低 。评论区都是些什么人？自己不会耐心去看，把情节分解重组不就得到了正确认识。还有这个取景和演员都是很棒的好吧。真搞不懂吹毛求疵的人。
1,bestbass,61898774,2022-07-01 10:00:48,,0,20,最近刚看了《心灵猎人》，本来真实探案的题材挺吸引我的，开场也很有特色，但是这位老队长看着挺老练，但就是个样子货，你说你脾气大，不尊重人没关系，你得拿出点真本事来压得住人吧，没有，他就只是脾气大不尊重人，这种人看着是真的恶心。
1,Aranya,34866563,2022-06-26 19:05:13,,2,40,画面非常棒，有时甚至有油画的味道，剧情稍弱些
1,我就自己看,161767660,2022-07-02 13:36:55,,0,20,杀人芳华
1,苍穹的幻想,34027365,2022-07-11 16:46:36,,0,20,电影无论是剧情的发展还是人物的营造都充满了剥离感，演员们虽然穿着上世纪七八十年代风格的服饰，却完全没有演出那个时代的精气神，样板化、脸谱化的表演倒是仿佛停留在那个年代，更不用提两位女性角色那让人脱戏的整容脸了。除此之外，全片无论是悬疑气氛的营造还是刑侦推理的过程都相当失败，支离破碎的剧情难以贯穿成一条完整的故事线，让观众难以投入剧中；值得一提的是，标题《远山淡影》虽然充满了艺术意境和留白，但只是搬来某个日本作家的同名小说，而且和原作一点关系也没有，让人大跌眼镜。
1,Loogle,229489582,2022-06-19 15:23:28,,1,10,开篇画面极度不适，有必要搞这么长时间的死人的特写镜头吗？
1,DarthVader,130600355,2022-06-27 11:43:22,,1,10,美术和石黑一雄拯救了您这么无聊的故事和表演
1,豆乳玉柏麟,233763746,2022-07-10 07:39:27,,0,20,整部電影純粹故弄玄虛，邏輯混亂，漏洞百出，很多情節經不起推敲，那個演章欣的演員感覺傻了叭唧的，那個刑警隊長一天到晚黑著一副苦瓜臉，見誰都大呼小叫，特別是對從上海請來的畫像專家章欣那種態度，我都恨不得把他從手機里揪出來爆扁一頓。全片無論男女，就沒有一個讓人喜歡的角色。甚至片名都是照搬日本的書。劇情挺俗套的，一上來就基本猜對全部內容了。感覺更傾嚮文藝片，但又沒到那個高度，不倫不類的。懸疑劇不能讓觀眾感覺到自己比編劇還聰明，那肯定是不成功的。
1,课堂.课本,1226511,2022-06-26 02:33:38,,0,30,两个大的问题：1.过多的情感表达让电影丧失了悬疑片的紧迫感和压迫感；2.悬疑不悬疑，结局太好猜了。当然也有点神话了画像师。
1,人気小圆头,aaaaaaaaaaa,2022-07-04 13:30:00,,1,10,你不能说抄一个诺贝尔的小说名就是戛纳片了吧，毕志飞逐梦演艺圈也报名过戛纳呢，真敢发通稿呢。
1,NOBODY,westsidesamurai,2022-07-07 13:29:58,,0,,为什么部分华语影像特别钟情于点一堆烟然后打大光束，是一种新的恋物癖嘛？
1,ran,3268400,2022-07-16 12:32:02,,0,20,。。这个剧本我真的生气
1,如果没有如果,154885468,2022-11-05 22:33:49,山东,2,40,我以前是逞能，搞什么英雄主义，孤家寡人拼了半辈子，以为能换一方太平，现在看来，像什么都没做，拼命换来的，风一吹就没了。世间众生百相，哪条路好像都能走，但你只能选择做一种人，无论成为谁，都需要勇气。这台词，真实地令人叹气。两个姑娘一起跳舞那里，真的好美，感受到了以前看别的舞蹈没有感受到的美。
1,seethesun,seethetime,2022-07-11 16:56:04,,0,30,原来这个暴躁的队长，嘴里一直嚷嚷的没时间了没时间了，说的是自己没时间办这案子了，胰腺癌晚期。变化有点大，那么多漂亮的女孩的舞蹈队，跳芭蕾的，随着剧团的解散，梅莉竟然以卖为生，，，，有点点的惊悚。悬疑居。照相馆的，因为感情受伤，只要是想离开淮北的女孩，他就给人杀死，，，，第一个女孩，以为后面穿雨衣的人是坏蛋，在跟踪他，向真正的凶手求救，她幸运，跑出去了，这么近的接触，竟然还是没抓到坏蛋。严华为了舞蹈被主任潜了吧，为了林音，放弃自己的身份。一般的电影。
1,海盗天台放映室,40008975,2022-06-29 01:19:08,,0,30,不是说一味地模仿是错，毕竟艺术创作很多时候都来源于经典，但2022年的犯罪题材电影依旧走不出杀人回忆的光环确实也让人不禁有些感叹美术摄影做的非常考究，故事也很有小说感，从画像师的角度来展开谜团其实是有噱头的，可怎么说呢，就是太流于表面，做的全部都是拿来主义，甚至调色人物设计也是按照杀人回忆的框架来的这就导致好好一个犯罪题材，非要在文艺感上做文章，最终的结果就是四不像，并且稍微看过点同类题材的朋友在我还刻意看了一下进度条的第20分钟，我相信大家已经对凶手也好，结果也好，都猜的八九不离十了，这一点来说，你其他边边角角部分做的再好，也失去了它本该有的光彩，特别是明明50-60分钟就可以讲完的故事硬生生拖到120分钟，太磨叽了！！值得鼓励的事，尽管对爱看电影的朋友不感冒，但在网大角度确实可以了
1,唐玉小业,38252612,2022-06-26 19:57:16,,8,40,光与影，画面与调色，超出了一般院线电影的水准，质感一流，细节丰富，唯一大家比较不满意的可能是案件本身的动机与人性的剖析，但跳出传统的分析框架，这部电影的细节展示还是很耐人寻味的。PS：这不仅仅是低配版猎罪图鉴，淮川版杀人回忆，它反映的文革末期到改革开放初期人们对美好生活的渴望，在那个年代彰显的意义更像是白日焰火下的东北下岗潮。
1,道友请留步,93900680,2022-06-22 23:53:17,,3,40,摄影挺好的，破案的片子拍出这种感觉少见，有点太文艺了，节奏再快点好了。
1,rina1001,63248334,2022-09-21 08:57:58,北京,0,30,做为网大来说还行。画像师被巧妙的安排成了通灵者，虽然没明说，这个设定其实挺有趣的，但对于可以随便演鬼片的外国来说，就没什么意思了，国内的观众还能会心一笑。有点出“潜规则”对女性的伤害，但是因为后面还有杀人什么的，这些就被淡忘了。。。。
1,南方,187376814,2022-06-23 18:31:34,,0,30,还行吧，作为悬疑嘛差了点，作为文艺片又差了点。
1,Marvin Comte,kong7,2022-06-18 22:44:15,,8,40,要看两遍
1,昏谷七,168992787,2022-06-22 00:42:49,,1,30,标准国产悬疑文艺片，类似的有《暴雪将至》《白日焰火》，质量介于院线与网大之间。几场镜头极美，导演若有新片也会看。
1,春深,Ouidah,2022-06-25 11:44:19,,0,30,电影的质感是可以的，不是粗制滥做，也不属于垃圾片，但是剧本还是有问题。 立意有点浅薄了。这个电影的水平，完全可以配得上一个更黑暗的故事，更复杂的人心，更深入的主题。
1,momo,55487974,2022-07-15 12:35:35,,0,40,故事一眼看到头，演员男一男二都有点出戏，但是画面调色和摄影很棒很喜欢，本身比较吃这类悬疑片吧
1,风一样的男子呀,3598072,2022-06-26 10:25:51,,0,30,与其说是悬疑片，倒更像是文艺片，有些情节确实没有圆好。
1,zhizhong,zhizhong,2022-06-24 20:21:00,,4,40,剧情还行，悬疑一般，感性过重，摄像好。。。
1,scaryzion,scaryzion,2022-07-16 21:07:26,,0,30,越往后面越不好看。环境很美，想知道是在哪里拍的。
1,鄭泽燃,LouisCheung919,2022-06-25 22:55:39,,0,40,非常喜欢这种带有时代特色、时代印记的罪案电影，那种九十年代甚至稍早的社会风貌，给人以真实感，风格也是趋于沉稳，不浮夸，倒叙的手法，总而言之，质量过关。
1,刘文二,nianimamabie,2022-10-04 09:12:23,河北,0,30,网大里面的上乘之作。
1,Mutism 、,mo17,2022-06-22 17:50:56,,4,40,还可以吧。就是三个女主的脸，长得也太像了……
1,HollowCat No13,michaeltyler,2022-06-21 12:25:04,,0,30,出乎意料的还可以，整个电影的调调比较喜欢
1,真心真意,zxzy,2022-10-04 21:41:50,北京,0,40,画像师，章欣。总觉得豆瓣读书看过（那里化名章新）～原型是神笔警探张欣，不知道是不是根据他曾经办过的案子改编的？神笔已逝，太多神奇值得宣传推广。色彩基调挺符合“远山淡影”这个名字。
1,小狼无声,siberiawolf61,2022-06-18 22:14:33,,10,40,不错哎其实，拍出了一些感觉，叙事完整，逻辑也还行
1,river,Loveisriver,2022-11-05 22:19:21,北京,0,30,还不错
1,单调De低调,147393475,2022-08-31 16:11:35,天津,0,30,看得我迷迷糊糊。严华到底怎么把林音杀死的呢？又为什么要回来杀照相馆老板
1,鱼骨,42898955,2022-06-24 16:38:46,,0,30,林音之死没有讲清楚。其他很好，悬念的两次反转很有冲击力，演员的人物刻画都很棒，尤其男主的气质算是印象深刻。画面和调光调色都很棒，很多画面都非常舒服。想问最后一幕那个水边群山是哪里啊？真是好一幕远山淡影，十分切题。
1,ceci🍰,169092759,2022-11-10 09:21:49,云南,0,30,还行吧，对于网大来说算好的了
1,你也来看电影呀,zhangyuan2ba,2022-08-11 00:42:57,,0,30,本来是个好故事，可惜没讲好。气氛渲染还行
1,亿万露电,LuciusH,2022-06-21 23:33:01,,0,20,选角导演和声音设计已经尽力挽回这个把故事背景设计在1997年却和故事角色没有什么密切关系的1981年的刑侦技术连尸体身份都确认不了的以男性视角效颦重现《绝叫》的剧本了。
1,hedgehog,hedgehog,2022-07-08 16:04:06,,0,40,节奏和意境都很不错，演员也选得蛮好，没有一个熟人更容易进入这个故事。
1,侠茨杰拉德,77660219,2022-07-04 23:33:05,,0,30,没有队长癌症那段，评分可能会涨
1,enigema,63650151,2022-06-21 22:02:52,,5,50,几乎没有网大的感觉，和石黑一雄的书有相同的精神内核，一个人真的可以成为别人吗？不苛求的话，所有部分都做的很好，旧日的年代感，电影中不断涌现的哀伤情绪，这只是导演的第二部作品，未来不可限量，五星鼓励。本质是一部文艺剧情片，悬疑的部分也解释的足够，最后的反转可以说是一个不在场证明的经典例子了。
1,张多拉,39093072,2022-10-18 22:28:20,陕西,0,30,中规中矩，好的是服化道及摄影，差的是故事略显平淡，缺乏深度，2个小时有些长。
1,Rosenmont,134537116,2022-11-05 20:55:05,广东,0,20,好尴尬的台词和演技，泄气的剧本。除了摄影中的空境，其他部分全都是国产片的通病。
1,Pint,suheyilan,2022-10-03 23:38:38,上海,0,30,只能说电影名挺清新的
1,赛东施,133654659,2022-07-05 14:47:39,,0,20,一堆漏洞，逻辑差的要死还故作深沉，无病呻吟，呸！
1,jinbo6995,124750511,2022-06-21 23:55:48,,6,50,我只想说！这部剧给3星以下的，丧心病狂！！！
1,豆友56157350,56157350,2022-07-19 20:41:25,,1,40,喜欢里面的景，喜欢里面的台词。“人生像一条夜河，你在其中湍急而过，任你如何努力，都无法在最喜欢的地方停留。”“世间众生百相，哪条路好像都能走，但你只能选择做一种人，无论成为谁，都需要勇气。”
1,D伯爵,Popdai,2022-06-22 22:09:31,,2,50,很好啊，色彩很有年代感，猎罪图鉴电影版
1,红拂夜奔,zhangleyuan,2022-07-09 21:31:32,,0,30,再打磨打磨还能更好一点。
1,ricqles,tolocat1998,2022-06-21 22:22:42,,0,30,5/10。氛围、摄影都对了，可惜实在太多bug了，既然是一部悬疑、刑侦片，实在无法忽视。大半夜，嫌疑人面目全非，竟然可以根据目击证人的证词画出精准画像，真的不科学；走私枪支的案件的插入，过于工具化，就是为了推进剧情而突然插入；还有严华发现林音尸体立即掩埋而不报警，也说不过去。不过，至少路线对了，如果能够好好打磨剧作，会是一部佳作。
1,Alary,2387348,2022-10-21 13:19:39,安徽,0,30,一种怀旧的美感，意境很棒。悬疑和反转还不错，节奏比较慢。
1,sleepinglynn,sleepinglynn,2022-10-10 21:45:25,上海,0,40,剧情蛮严谨的
1,不配,taotieX,2022-06-25 08:16:11,,2,40,所以，严华促使了林音的死亡嘛？
1,ailee,4569326,2022-06-23 00:02:58,,3,40,感觉加上历史厚重的东西人物更能立得住。也不枉借鉴石黑一雄
1,麦田里的守饭者,1783213,2022-10-23 05:20:41,英国,0,20,70年代文工团能演这个？？不如架空好伐
1,夤夜,chimai,2022-06-21 19:05:52,,0,20,属于那种容易唤起高期待但表现则平平无奇甚至很差的片子。完整拉完全片，发现只有那张素描海报堪称优秀。
1,Fenng,Fenng,2022-06-19 12:51:48,,12,40,在这两年的电影里，甭管是不是网大，这样就算合格了。
1,byds05,43507289,2022-06-30 22:43:13,,0,40,导演在摄影方面用功很足，镜头挺有意境，剧情进展就有些遗憾了，两个时空的情节交叉进行，虽然不显得乱，但也并没有很好的融入一起。前面剧情悬疑感设计不错，后面两位女主戏较冗长拖慢了剧情节奏，观赏性就差了。有个疑问，严华已经毁容，为何根据目击者的描述竟然画出了严华的容貌？3星半。
1,Sunny,194901340,2022-09-02 18:15:18,广东,1,30,高开低走
1,有时间就看电影,128991169,2022-06-24 00:55:42,,0,30,还可以吧。起码还是有认真在演了。剧情也算饱满。
1,绿萼未凌,zazaza,2022-06-19 21:14:51,,1,,剧情比较散，但是画面配乐很好，导演美术专业的吧…
1,黑到隐形,134312683,2022-08-09 12:46:57,,0,20,画面合格，故事讲得清楚，女演员很贴角色，也就仅此而已，没有灵气巧思才华，一板一眼，只是一部刚刚合格的电影
1,Lula,airro,2022-06-25 03:18:36,,2,40,淡淡的，很美
1,Fogo,wanjianhen,2022-06-21 11:31:49,,5,40,7.0/10，有点猎罪图鉴+杀人回忆+芳华+白日焰火+沉默的真相混搭的味道。摄影影调不错，主题里夹杂着私货，如果更好解决叙事节奏问题则更上一层楼。
1,我叫里昂,76856340,2022-06-29 22:10:52,,1,40,比较良心的作品，细节处理虽然不足，但是比网大流水线作品还是稍微用心了的，值得给个四星。
1,阿杰,202060322,2022-09-22 13:57:12,上海,0,40,一部比想象当中会更好一点的电影，虽然片中没有任何一个知名演员，但片中的年代感、纠结17年的剧情，以及全员在线的演技，使得本片在如今浮躁的市场中，亦显得超尘脱俗🤗影片采用了很多倒叙和插叙的手法，从如今的一起杀人案入手，反追十七年前凶杀案，于是，林音和严华浮上了章欣的目光……对于林音，对于严华，对于沈张，甚至对于章欣，这是一个关于友情的故事，这也是一个复仇和救赎的故事；当然，对于观众，这也是一个需要静心观看，并深入情绪的电影😏PS：影片3.5星最是恰当，但作为一部网大片，现在打4星以资鼓励😏
1,今年会交好运吗,34035976,2022-09-11 09:22:11,江苏,0,30,画面真美，有迷雾剧场的感觉，很喜欢江边小城的设定
1,木易山风,54411134,2022-09-06 14:38:31,湖南,0,30,导演仿佛把所有学到的电影技巧都用上了，但坚决只学表面，绝不学细节！
1,norris,45319686,2022-10-24 03:32:50,四川,0,20,是在認真創作，但模仿的痕跡也重。許多畫面上細節和時代感的處置卻有失偏頗，人物的台詞和反應也不夠妥貼，都是硬傷。如果沒有這些硬傷，至少會多一顆星。
1,oDD-O-o,zuyueodd,2022-08-05 14:27:52,,0,40,其实蛮不错的，不知是不是还是因为题材略敏感所以上不了院线。画像师的塑造不如两位女性角色。故事虽然是悬疑类型，但本质是个有点时代伤痕的悲剧片。剪辑上不断利用不可靠叙事迷惑观众。比较遗憾的是推理比较潦草，叙述也略有bug。
1,月球,59172553,2022-06-22 17:07:01,,0,20,电视电影，表演极差，视听刻意，美术太新。
1,锦灰,3441146,2022-11-04 18:31:11,湖北,0,40,慢是最大的优点，故事叙述脱胎自罗生门，罗生门是真的经典，即使只是模仿，也可一观。严华要代替林音而活是经不起任何推敲的，但是蓦然发现凶手的画面还是有张力的，此外警察队长的塑造有点强行用力。总体三星半。
1,摩卡,174971285,2022-07-06 15:42:42,,0,30,女生帮助女生
1,李亦靓,cocoon__d,2022-07-05 21:31:40,,0,40,不错的呀 男主很像郝冬梅
0,Octobre,summerbook,2022-06-20 00:19:01,,0,,不止一次地就想说国产影视是有多喜欢抄别人的标题？！有志气不要蹭石黑一雄的热度啊喂！也不要动不动说致敬谁谁啊喂！
0,云雀不可留,theguodan,2022-06-30 20:41:57,,0,,石黑一雄哭晕
0,爱思考的鸭蛋黄,Celine_Young,2022-06-28 16:59:10,,0,,还以为是石黑一雄的《远山淡影》
0,寒凌旭,hanlingxu,2022-07-02 00:15:09,,0,,看名字还以为谁拍了石黑一雄
0,月上耕女那那酱,ibunnyo,2022-10-04 15:01:09,福建,0,,让我看看学得怎么样
0,宇宙无敌,143349540,2022-07-01 12:36:13,,0,,想看
0,stolen-love,WANGBisWANGB,2022-10-01 23:27:43,江苏,0,,@2022-06-21 10:04:56
0,李大壮,125455592,2022-07-11 00:08:41,,0,,摄影不错，低成本网大
0,paperfrog,172702811,2022-06-21 21:40:42,,0,,看不看都行
0,浅白色YN,151016813,2022-09-28 20:35:57,山西,0,,虽然评分不高，但是看了抖音的介绍，感觉这种偏文艺剧情的调调就是需要耐着性子看的。
0,玄鹤,212731504,2021-05-19 12:43:58,,0,,不知是不是那部小说改编
0,夏林张,3937093,2022-07-04 00:45:35,,0,,用石黑一雄著作起名的电影有什么意图？
0,Master Fox,175281163,2022-09-28 19:52:11,北京,0,,影视制片
0,Jacklv,133619804,2022-10-04 23:33:45,河南,0,,国产悬疑剧，想看。
0,陈萝卜,54918644,2022-06-27 20:53:26,,0,,题材很有意思
0,湍悬永华,170620355,2022-06-28 19:51:17,,0,,就纯纯好奇
0,凝眸,Mingmou_Q,2022-10-05 12:46:05,广东,0,,中国版杀人回忆
0,不痛不痒的废话,138331672,2022-06-19 02:15:07,,0,,冷门悬疑
0,豆友152585057,152585057,2022-08-02 15:11:49,,0,,很喜欢这个名字~有空看~
0,天蓝色,124038517,2022-06-19 22:59:09,,0,,悬疑
0,lalalala,l000xx,2022-10-29 23:52:45,江西,0,,嗯？
0,贩卖月光,227515528,2022-07-17 19:40:00,,0,,期待
0,云 Bryant,YunBryant,2022-10-03 14:56:07,广东,0,,抖音荐影
0,总以为来日方长,121428981,2022-06-21 20:45:14,,0,,还不错～画面挺好看的
0,爱溜达的小青年,April1015,2022-06-29 20:59:41,,0,,镜头很美，本来不抱希望，拍的不错。
0,练习木,66682324,2022-06-16 13:50:52,,0,,2022-故事
0,日善臻美,205494529,2022-07-25 19:18:01,,0,,🗽
0,ゞ别╮那所谓丶的,150499424,2022-10-20 17:08:45,辽宁,0,,中国版  杀人回忆?
0,䩅,net047,2022-10-23 11:02:41,浙江,0,,马一下
0,长手就可以,257102243,2022-06-28 20:11:26,,0,,想看
0,erssw,erssw,2022-10-02 20:00:39,四川,0,,网大
0,🥑螺丝铜,182561769,2022-10-04 13:20:09,广东,0,,1
0,Champion.,220526091,2022-06-22 01:25:01,,0,,真实事件改编
0,兔兔啊,giveuf,2022-07-05 19:50:40,,0,,豆瓣 豆瓣热门
0,😈snow man,171503115,2022-10-04 09:10:00,辽宁,0,,电影
0,swallow81_chen,144552953,2022-10-29 13:25:30,广东,0,,想看
0,狗剩,263572982,2022-10-16 21:39:14,广东,0,,@2022-08-03 14:56:10
0,　　　　　　　,178928419,2022-06-29 14:40:12,,0,,1 
0,Ada,178792125,2022-06-19 13:46:13,,0,,。
0,豆友H_dWhBhhmM,260855809,2022-08-13 14:46:48,,0,,好看
0,Ξ  坏 叔 叔 酵 ,190754293,2022-07-19 01:07:41,,0,,好奇
0,微笑女王,205939941,2022-10-29 08:55:33,江苏,0,,悬疑，破案
